id,order_id,created_at,note,processed_at
7000001,5000022,2026-01-11T23:35:00+00:00,Customer return,2026-01-11T23:35:00+00:00
7000002,5000027,2026-01-18T14:23:00+00:00,Customer return,2026-01-18T14:23:00+00:00
7000003,5000047,2026-01-21T01:01:00+00:00,Customer return,2026-01-21T01:01:00+00:00
7000004,5000067,2026-02-01T15:34:00+00:00,Customer return,2026-02-01T15:34:00+00:00
7000005,5000088,2026-01-24T06:04:00+00:00,Customer return,2026-01-24T06:04:00+00:00
7000006,5000090,2026-01-27T08:20:00+00:00,Customer return,2026-01-27T08:20:00+00:00
7000007,5000091,2026-01-13T02:25:00+00:00,Customer return,2026-01-13T02:25:00+00:00
7000008,5000114,2026-01-24T16:12:00+00:00,Customer return,2026-01-24T16:12:00+00:00
7000009,5000122,2026-01-26T13:49:00+00:00,Customer return,2026-01-26T13:49:00+00:00
7000010,5000134,2026-02-03T15:10:00+00:00,Customer return,2026-02-03T15:10:00+00:00
7000011,5000147,2026-01-29T03:43:00+00:00,Customer return,2026-01-29T03:43:00+00:00
7000012,5000151,2026-01-20T13:06:00+00:00,Customer return,2026-01-20T13:06:00+00:00
7000013,5000152,2026-02-04T13:08:00+00:00,Customer return,2026-02-04T13:08:00+00:00
7000014,5000161,2026-01-31T06:49:00+00:00,Customer return,2026-01-31T06:49:00+00:00
7000015,5000164,2026-02-13T10:26:00+00:00,Customer return,2026-02-13T10:26:00+00:00
7000016,5000165,2026-02-15T16:58:00+00:00,Customer return,2026-02-15T16:58:00+00:00
7000017,5000185,2026-02-10T08:35:00+00:00,Customer return,2026-02-10T08:35:00+00:00
7000018,5000186,2026-02-05T00:38:00+00:00,Customer return,2026-02-05T00:38:00+00:00
7000019,5000189,2026-02-13T20:32:00+00:00,Customer return,2026-02-13T20:32:00+00:00
7000020,5000205,2026-02-14T13:44:00+00:00,Customer return,2026-02-14T13:44:00+00:00
7000021,5000239,2026-01-25T23:13:00+00:00,Customer return,2026-01-25T23:13:00+00:00
7000022,5000246,2026-01-26T21:34:00+00:00,Customer return,2026-01-26T21:34:00+00:00
7000023,5000248,2026-02-18T01:15:00+00:00,Customer return,2026-02-18T01:15:00+00:00
7000024,5000258,2026-02-06T12:03:00+00:00,Customer return,2026-02-06T12:03:00+00:00
7000025,5000268,2026-02-19T02:51:00+00:00,Customer return,2026-02-19T02:51:00+00:00
7000026,5000305,2026-02-17T05:03:00+00:00,Customer return,2026-02-17T05:03:00+00:00
7000027,5000337,2026-03-01T23:33:00+00:00,Customer return,2026-03-01T23:33:00+00:00
7000028,5000339,2026-02-17T15:09:00+00:00,Customer return,2026-02-17T15:09:00+00:00
7000029,5000367,2026-02-25T11:19:00+00:00,Customer return,2026-02-25T11:19:00+00:00
7000030,5000368,2026-02-25T00:08:00+00:00,Customer return,2026-02-25T00:08:00+00:00
7000031,5000388,2026-03-08T05:18:00+00:00,Customer return,2026-03-08T05:18:00+00:00
7000032,5000401,2026-02-12T05:06:00+00:00,Customer return,2026-02-12T05:06:00+00:00
7000033,5000421,2026-03-03T17:22:00+00:00,Customer return,2026-03-03T17:22:00+00:00
7000034,5000422,2026-03-01T14:33:00+00:00,Customer return,2026-03-01T14:33:00+00:00
7000035,5000447,2026-03-11T08:29:00+00:00,Customer return,2026-03-11T08:29:00+00:00
7000036,5000450,2026-02-27T21:41:00+00:00,Customer return,2026-02-27T21:41:00+00:00
7000037,5000458,2026-03-12T17:58:00+00:00,Customer return,2026-03-12T17:58:00+00:00
7000038,5000479,2026-03-18T00:07:00+00:00,Customer return,2026-03-18T00:07:00+00:00
7000039,5000480,2026-03-10T08:34:00+00:00,Customer return,2026-03-10T08:34:00+00:00
7000040,5000491,2026-02-28T21:44:00+00:00,Customer return,2026-02-28T21:44:00+00:00
7000041,5000495,2026-02-22T00:57:00+00:00,Customer return,2026-02-22T00:57:00+00:00
7000042,5000506,2026-02-23T12:32:00+00:00,Customer return,2026-02-23T12:32:00+00:00
7000043,5000532,2026-03-02T23:54:00+00:00,Customer return,2026-03-02T23:54:00+00:00
7000044,5000533,2026-03-01T11:52:00+00:00,Customer return,2026-03-01T11:52:00+00:00
7000045,5000541,2026-03-13T04:05:00+00:00,Customer return,2026-03-13T04:05:00+00:00
7000046,5000565,2026-03-21T23:21:00+00:00,Customer return,2026-03-21T23:21:00+00:00
7000047,5000566,2026-03-15T18:58:00+00:00,Customer return,2026-03-15T18:58:00+00:00
7000048,5000603,2026-03-23T05:58:00+00:00,Customer return,2026-03-23T05:58:00+00:00
7000049,5000608,2026-03-04T06:48:00+00:00,Customer return,2026-03-04T06:48:00+00:00
7000050,5000613,2026-03-20T03:56:00+00:00,Customer return,2026-03-20T03:56:00+00:00
7000051,5000626,2026-03-11T21:39:00+00:00,Customer return,2026-03-11T21:39:00+00:00
7000052,5000639,2026-03-12T22:29:00+00:00,Customer return,2026-03-12T22:29:00+00:00
7000053,5000649,2026-04-03T05:29:00+00:00,Customer return,2026-04-03T05:29:00+00:00
7000054,5000650,2026-03-24T15:17:00+00:00,Customer return,2026-03-24T15:17:00+00:00
7000055,5000662,2026-03-23T23:31:00+00:00,Customer return,2026-03-23T23:31:00+00:00
7000056,5000673,2026-03-09T06:31:00+00:00,Customer return,2026-03-09T06:31:00+00:00
7000057,5000679,2026-04-02T21:41:00+00:00,Customer return,2026-04-02T21:41:00+00:00
7000058,5000699,2026-04-05T17:48:00+00:00,Customer return,2026-04-05T17:48:00+00:00
7000059,5000705,2026-04-03T14:32:00+00:00,Customer return,2026-04-03T14:32:00+00:00
7000060,5000717,2026-03-20T09:05:00+00:00,Customer return,2026-03-20T09:05:00+00:00
7000061,5000735,2026-04-07T01:53:00+00:00,Customer return,2026-04-07T01:53:00+00:00
7000062,5000750,2026-04-13T01:36:00+00:00,Customer return,2026-04-13T01:36:00+00:00
7000063,5000764,2026-03-25T18:56:00+00:00,Customer return,2026-03-25T18:56:00+00:00
7000064,5000790,2026-04-02T12:58:00+00:00,Customer return,2026-04-02T12:58:00+00:00
7000065,5000791,2026-03-20T18:02:00+00:00,Customer return,2026-03-20T18:02:00+00:00
7000066,5000811,2026-04-05T19:31:00+00:00,Customer return,2026-04-05T19:31:00+00:00
7000067,5000826,2026-03-26T16:44:00+00:00,Customer return,2026-03-26T16:44:00+00:00
7000068,5000836,2026-03-26T16:11:00+00:00,Customer return,2026-03-26T16:11:00+00:00
7000069,5000856,2026-04-08T20:40:00+00:00,Customer return,2026-04-08T20:40:00+00:00
7000070,5000857,2026-03-31T10:06:00+00:00,Customer return,2026-03-31T10:06:00+00:00
7000071,5000865,2026-04-04T15:43:00+00:00,Customer return,2026-04-04T15:43:00+00:00
7000072,5000873,2026-04-09T10:00:00+00:00,Customer return,2026-04-09T10:00:00+00:00
7000073,5000891,2026-04-06T00:04:00+00:00,Customer return,2026-04-06T00:04:00+00:00
7000074,5000932,2026-04-15T23:28:00+00:00,Customer return,2026-04-15T23:28:00+00:00
7000075,5000943,2026-04-24T05:45:00+00:00,Customer return,2026-04-24T05:45:00+00:00
7000076,5000971,2026-04-12T05:11:00+00:00,Customer return,2026-04-12T05:11:00+00:00
7000077,5000972,2026-04-04T14:25:00+00:00,Customer return,2026-04-04T14:25:00+00:00
7000078,5000990,2026-04-19T03:40:00+00:00,Customer return,2026-04-19T03:40:00+00:00
7000079,5000992,2026-05-03T02:28:00+00:00,Customer return,2026-05-03T02:28:00+00:00
7000080,5001004,2026-04-22T18:49:00+00:00,Customer return,2026-04-22T18:49:00+00:00
7000081,5001009,2026-04-14T18:57:00+00:00,Customer return,2026-04-14T18:57:00+00:00
7000082,5001012,2026-04-22T04:53:00+00:00,Customer return,2026-04-22T04:53:00+00:00
7000083,5001025,2026-04-08T08:53:00+00:00,Customer return,2026-04-08T08:53:00+00:00
7000084,5001055,2026-04-28T06:45:00+00:00,Customer return,2026-04-28T06:45:00+00:00
7000085,5001072,2026-04-22T12:42:00+00:00,Customer return,2026-04-22T12:42:00+00:00
7000086,5001088,2026-04-29T06:52:00+00:00,Customer return,2026-04-29T06:52:00+00:00
7000087,5001101,2026-04-19T04:47:00+00:00,Customer return,2026-04-19T04:47:00+00:00
7000088,5001102,2026-04-19T13:58:00+00:00,Customer return,2026-04-19T13:58:00+00:00
7000089,5001103,2026-05-07T11:48:00+00:00,Customer return,2026-05-07T11:48:00+00:00
7000090,5001117,2026-04-16T11:02:00+00:00,Customer return,2026-04-16T11:02:00+00:00
7000091,5001129,2026-05-12T06:46:00+00:00,Customer return,2026-05-12T06:46:00+00:00
7000092,5001138,2026-04-27T01:15:00+00:00,Customer return,2026-04-27T01:15:00+00:00
7000093,5001194,2026-05-07T21:08:00+00:00,Customer return,2026-05-07T21:08:00+00:00
7000094,5001199,2026-05-06T11:43:00+00:00,Customer return,2026-05-06T11:43:00+00:00
7000095,5001226,2026-05-22T04:02:00+00:00,Customer return,2026-05-22T04:02:00+00:00
7000096,5001228,2026-05-15T13:12:00+00:00,Customer return,2026-05-15T13:12:00+00:00
7000097,5001236,2026-05-23T20:57:00+00:00,Customer return,2026-05-23T20:57:00+00:00
7000098,5001259,2026-05-19T12:58:00+00:00,Customer return,2026-05-19T12:58:00+00:00
7000099,5001264,2026-05-21T06:05:00+00:00,Customer return,2026-05-21T06:05:00+00:00
7000100,5001271,2026-05-20T02:48:00+00:00,Customer return,2026-05-20T02:48:00+00:00
7000101,5001274,2026-05-13T00:22:00+00:00,Customer return,2026-05-13T00:22:00+00:00
7000102,5001333,2026-05-28T00:07:00+00:00,Customer return,2026-05-28T00:07:00+00:00
7000103,5001334,2026-05-04T00:57:00+00:00,Customer return,2026-05-04T00:57:00+00:00
7000104,5001345,2026-05-29T14:05:00+00:00,Customer return,2026-05-29T14:05:00+00:00
7000105,5001354,2026-05-19T11:18:00+00:00,Customer return,2026-05-19T11:18:00+00:00
7000106,5001360,2026-05-28T00:45:00+00:00,Customer return,2026-05-28T00:45:00+00:00
7000107,5001369,2026-05-20T03:22:00+00:00,Customer return,2026-05-20T03:22:00+00:00
7000108,5001403,2026-06-05T16:06:00+00:00,Customer return,2026-06-05T16:06:00+00:00
7000109,5001429,2026-05-13T23:42:00+00:00,Customer return,2026-05-13T23:42:00+00:00
7000110,5001430,2026-05-12T15:09:00+00:00,Customer return,2026-05-12T15:09:00+00:00
7000111,5001435,2026-06-05T23:44:00+00:00,Customer return,2026-06-05T23:44:00+00:00
7000112,5001441,2026-06-07T01:31:00+00:00,Customer return,2026-06-07T01:31:00+00:00
7000113,5001477,2026-05-26T01:36:00+00:00,Customer return,2026-05-26T01:36:00+00:00
7000114,5001495,2026-05-28T23:36:00+00:00,Customer return,2026-05-28T23:36:00+00:00
7000115,5001498,2026-06-13T12:29:00+00:00,Customer return,2026-06-13T12:29:00+00:00
7000116,5001510,2026-05-29T22:14:00+00:00,Customer return,2026-05-29T22:14:00+00:00
7000117,5001511,2026-06-14T17:32:00+00:00,Customer return,2026-06-14T17:32:00+00:00
7000118,5001526,2026-05-26T02:45:00+00:00,Customer return,2026-05-26T02:45:00+00:00
7000119,5001529,2026-06-12T09:42:00+00:00,Customer return,2026-06-12T09:42:00+00:00
7000120,5001548,2026-06-17T03:21:00+00:00,Customer return,2026-06-17T03:21:00+00:00
7000121,5001560,2026-05-31T20:09:00+00:00,Customer return,2026-05-31T20:09:00+00:00
7000122,5001570,2026-06-14T13:57:00+00:00,Customer return,2026-06-14T13:57:00+00:00
7000123,5001605,2026-06-17T01:25:00+00:00,Customer return,2026-06-17T01:25:00+00:00
7000124,5001621,2026-06-08T11:22:00+00:00,Customer return,2026-06-08T11:22:00+00:00
7000125,5001627,2026-05-25T01:50:00+00:00,Customer return,2026-05-25T01:50:00+00:00
7000126,5001646,2026-06-16T04:11:00+00:00,Customer return,2026-06-16T04:11:00+00:00
7000127,5001657,2026-06-07T11:30:00+00:00,Customer return,2026-06-07T11:30:00+00:00
7000128,5001662,2026-05-30T20:19:00+00:00,Customer return,2026-05-30T20:19:00+00:00
7000129,5001673,2026-06-12T10:26:00+00:00,Customer return,2026-06-12T10:26:00+00:00
7000130,5001686,2026-05-31T23:50:00+00:00,Customer return,2026-05-31T23:50:00+00:00
7000131,5001697,2026-06-26T09:01:00+00:00,Customer return,2026-06-26T09:01:00+00:00
7000132,5001703,2026-06-24T15:44:00+00:00,Customer return,2026-06-24T15:44:00+00:00
7000133,5001712,2026-06-08T00:21:00+00:00,Customer return,2026-06-08T00:21:00+00:00
7000134,5001714,2026-06-06T13:38:00+00:00,Customer return,2026-06-06T13:38:00+00:00
7000135,5001717,2026-06-09T20:53:00+00:00,Customer return,2026-06-09T20:53:00+00:00
7000136,5001725,2026-06-25T04:12:00+00:00,Customer return,2026-06-25T04:12:00+00:00
7000137,5001730,2026-06-05T19:05:00+00:00,Customer return,2026-06-05T19:05:00+00:00
7000138,5001732,2026-06-29T00:09:00+00:00,Customer return,2026-06-29T00:09:00+00:00
7000139,5001737,2026-06-21T11:02:00+00:00,Customer return,2026-06-21T11:02:00+00:00
7000140,5001753,2026-07-02T17:58:00+00:00,Customer return,2026-07-02T17:58:00+00:00
7000141,5001757,2026-06-16T02:34:00+00:00,Customer return,2026-06-16T02:34:00+00:00
7000142,5001781,2026-07-01T22:42:00+00:00,Customer return,2026-07-01T22:42:00+00:00
7000143,5001792,2026-06-22T23:51:00+00:00,Customer return,2026-06-22T23:51:00+00:00
7000144,5001795,2026-07-04T20:48:00+00:00,Customer return,2026-07-04T20:48:00+00:00
7000145,5001801,2026-06-26T05:59:00+00:00,Customer return,2026-06-26T05:59:00+00:00
7000146,5001805,2026-06-17T22:10:00+00:00,Customer return,2026-06-17T22:10:00+00:00
7000147,5001815,2026-06-19T07:57:00+00:00,Customer return,2026-06-19T07:57:00+00:00
7000148,5001819,2026-06-09T18:26:00+00:00,Customer return,2026-06-09T18:26:00+00:00
7000149,5001821,2026-07-03T21:36:00+00:00,Customer return,2026-07-03T21:36:00+00:00
7000150,5001823,2026-06-11T00:22:00+00:00,Customer return,2026-06-11T00:22:00+00:00
7000151,5001828,2026-06-20T01:17:00+00:00,Customer return,2026-06-20T01:17:00+00:00
7000152,5001847,2026-06-24T20:38:00+00:00,Customer return,2026-06-24T20:38:00+00:00
7000153,5001858,2026-07-10T16:56:00+00:00,Customer return,2026-07-10T16:56:00+00:00
7000154,5001889,2026-06-21T03:36:00+00:00,Customer return,2026-06-21T03:36:00+00:00
7000155,5001898,2026-06-25T13:47:00+00:00,Customer return,2026-06-25T13:47:00+00:00
7000156,5001902,2026-06-30T01:08:00+00:00,Customer return,2026-06-30T01:08:00+00:00
7000157,5001912,2026-06-25T07:26:00+00:00,Customer return,2026-06-25T07:26:00+00:00
7000158,5001917,2026-07-12T08:23:00+00:00,Customer return,2026-07-12T08:23:00+00:00
7000159,5001922,2026-06-19T10:24:00+00:00,Customer return,2026-06-19T10:24:00+00:00
7000160,5001936,2026-07-03T11:11:00+00:00,Customer return,2026-07-03T11:11:00+00:00
7000161,5001954,2026-07-05T16:12:00+00:00,Customer return,2026-07-05T16:12:00+00:00
7000162,5001962,2026-07-15T22:52:00+00:00,Customer return,2026-07-15T22:52:00+00:00
7000163,5001981,2026-07-06T16:56:00+00:00,Customer return,2026-07-06T16:56:00+00:00
7000164,5002046,2026-07-20T02:48:00+00:00,Customer return,2026-07-20T02:48:00+00:00
7000165,5002049,2026-07-05T09:42:00+00:00,Customer return,2026-07-05T09:42:00+00:00
7000166,5002070,2026-07-15T22:39:00+00:00,Customer return,2026-07-15T22:39:00+00:00
7000167,5002088,2026-07-27T12:38:00+00:00,Customer return,2026-07-27T12:38:00+00:00
7000168,5002124,2026-07-29T00:08:00+00:00,Customer return,2026-07-29T00:08:00+00:00
7000169,5002129,2026-07-07T10:56:00+00:00,Customer return,2026-07-07T10:56:00+00:00
7000170,5002132,2026-07-22T11:15:00+00:00,Customer return,2026-07-22T11:15:00+00:00
7000171,5002133,2026-07-28T06:19:00+00:00,Customer return,2026-07-28T06:19:00+00:00
7000172,5002135,2026-07-29T14:14:00+00:00,Customer return,2026-07-29T14:14:00+00:00
7000173,5002151,2026-07-22T00:37:00+00:00,Customer return,2026-07-22T00:37:00+00:00
7000174,5002153,2026-07-10T23:10:00+00:00,Customer return,2026-07-10T23:10:00+00:00
7000175,5002182,2026-07-28T21:01:00+00:00,Customer return,2026-07-28T21:01:00+00:00
7000176,5002188,2026-07-19T19:48:00+00:00,Customer return,2026-07-19T19:48:00+00:00
7000177,5002190,2026-07-11T02:17:00+00:00,Customer return,2026-07-11T02:17:00+00:00
7000178,5002208,2026-08-03T06:40:00+00:00,Customer return,2026-08-03T06:40:00+00:00
7000179,5002217,2026-07-31T17:20:00+00:00,Customer return,2026-07-31T17:20:00+00:00
7000180,5002234,2026-07-12T08:54:00+00:00,Customer return,2026-07-12T08:54:00+00:00
7000181,5002239,2026-07-28T01:40:00+00:00,Customer return,2026-07-28T01:40:00+00:00
7000182,5002241,2026-07-19T19:37:00+00:00,Customer return,2026-07-19T19:37:00+00:00
7000183,5002246,2026-07-24T05:20:00+00:00,Customer return,2026-07-24T05:20:00+00:00
7000184,5002279,2026-08-09T05:53:00+00:00,Customer return,2026-08-09T05:53:00+00:00
7000185,5002286,2026-08-01T10:18:00+00:00,Customer return,2026-08-01T10:18:00+00:00
7000186,5002297,2026-07-27T00:24:00+00:00,Customer return,2026-07-27T00:24:00+00:00
7000187,5002305,2026-08-15T07:19:00+00:00,Customer return,2026-08-15T07:19:00+00:00
7000188,5002314,2026-07-21T05:20:00+00:00,Customer return,2026-07-21T05:20:00+00:00
7000189,5002330,2026-08-13T17:14:00+00:00,Customer return,2026-08-13T17:14:00+00:00
7000190,5002331,2026-07-29T09:05:00+00:00,Customer return,2026-07-29T09:05:00+00:00
7000191,5002334,2026-08-12T19:39:00+00:00,Customer return,2026-08-12T19:39:00+00:00
7000192,5002335,2026-07-24T05:10:00+00:00,Customer return,2026-07-24T05:10:00+00:00
7000193,5002338,2026-07-26T22:22:00+00:00,Customer return,2026-07-26T22:22:00+00:00
7000194,5002350,2026-07-29T12:23:00+00:00,Customer return,2026-07-29T12:23:00+00:00
7000195,5002354,2026-08-06T14:32:00+00:00,Customer return,2026-08-06T14:32:00+00:00
7000196,5002369,2026-08-07T04:22:00+00:00,Customer return,2026-08-07T04:22:00+00:00
7000197,5002370,2026-07-27T21:17:00+00:00,Customer return,2026-07-27T21:17:00+00:00
7000198,5002388,2026-07-29T21:21:00+00:00,Customer return,2026-07-29T21:21:00+00:00
7000199,5002390,2026-08-08T01:51:00+00:00,Customer return,2026-08-08T01:51:00+00:00
7000200,5002392,2026-08-05T21:15:00+00:00,Customer return,2026-08-05T21:15:00+00:00
7000201,5002401,2026-08-14T00:43:00+00:00,Customer return,2026-08-14T00:43:00+00:00
7000202,5002403,2026-07-31T14:17:00+00:00,Customer return,2026-07-31T14:17:00+00:00
7000203,5002417,2026-08-03T12:38:00+00:00,Customer return,2026-08-03T12:38:00+00:00
7000204,5002435,2026-08-02T04:19:00+00:00,Customer return,2026-08-02T04:19:00+00:00
7000205,5002440,2026-08-11T08:24:00+00:00,Customer return,2026-08-11T08:24:00+00:00
7000206,5002442,2026-08-01T21:12:00+00:00,Customer return,2026-08-01T21:12:00+00:00
7000207,5002458,2026-08-19T00:14:00+00:00,Customer return,2026-08-19T00:14:00+00:00
7000208,5002469,2026-08-02T16:45:00+00:00,Customer return,2026-08-02T16:45:00+00:00
7000209,5002482,2026-08-28T21:26:00+00:00,Customer return,2026-08-28T21:26:00+00:00
7000210,5002491,2026-08-28T00:38:00+00:00,Customer return,2026-08-28T00:38:00+00:00
7000211,5002512,2026-08-24T17:11:00+00:00,Customer return,2026-08-24T17:11:00+00:00
7000212,5002518,2026-08-08T14:11:00+00:00,Customer return,2026-08-08T14:11:00+00:00
7000213,5002533,2026-09-01T14:38:00+00:00,Customer return,2026-09-01T14:38:00+00:00
7000214,5002541,2026-08-24T10:27:00+00:00,Customer return,2026-08-24T10:27:00+00:00
7000215,5002543,2026-08-15T05:35:00+00:00,Customer return,2026-08-15T05:35:00+00:00
7000216,5002572,2026-08-17T16:41:00+00:00,Customer return,2026-08-17T16:41:00+00:00
7000217,5002575,2026-08-19T11:55:00+00:00,Customer return,2026-08-19T11:55:00+00:00
7000218,5002611,2026-09-10T16:13:00+00:00,Customer return,2026-09-10T16:13:00+00:00
7000219,5002616,2026-09-04T13:12:00+00:00,Customer return,2026-09-04T13:12:00+00:00
7000220,5002623,2026-08-21T20:36:00+00:00,Customer return,2026-08-21T20:36:00+00:00
7000221,5002649,2026-09-06T00:06:00+00:00,Customer return,2026-09-06T00:06:00+00:00
7000222,5002650,2026-09-14T22:49:00+00:00,Customer return,2026-09-14T22:49:00+00:00
7000223,5002652,2026-09-05T21:28:00+00:00,Customer return,2026-09-05T21:28:00+00:00
7000224,5002659,2026-09-14T23:27:00+00:00,Customer return,2026-09-14T23:27:00+00:00
7000225,5002683,2026-08-23T03:27:00+00:00,Customer return,2026-08-23T03:27:00+00:00
7000226,5002692,2026-09-08T06:33:00+00:00,Customer return,2026-09-08T06:33:00+00:00
7000227,5002716,2026-09-08T15:47:00+00:00,Customer return,2026-09-08T15:47:00+00:00
7000228,5002742,2026-09-04T20:11:00+00:00,Customer return,2026-09-04T20:11:00+00:00
7000229,5002750,2026-09-07T17:04:00+00:00,Customer return,2026-09-07T17:04:00+00:00
7000230,5002754,2026-09-11T08:09:00+00:00,Customer return,2026-09-11T08:09:00+00:00
7000231,5002762,2026-09-09T12:28:00+00:00,Customer return,2026-09-09T12:28:00+00:00
7000232,5002769,2026-09-20T10:28:00+00:00,Customer return,2026-09-20T10:28:00+00:00
7000233,5002805,2026-09-14T00:35:00+00:00,Customer return,2026-09-14T00:35:00+00:00
7000234,5002807,2026-09-11T12:29:00+00:00,Customer return,2026-09-11T12:29:00+00:00
7000235,5002811,2026-09-15T23:25:00+00:00,Customer return,2026-09-15T23:25:00+00:00
7000236,5002816,2026-09-11T16:57:00+00:00,Customer return,2026-09-11T16:57:00+00:00
7000237,5002822,2026-09-26T06:15:00+00:00,Customer return,2026-09-26T06:15:00+00:00
7000238,5002843,2026-09-22T21:47:00+00:00,Customer return,2026-09-22T21:47:00+00:00
7000239,5002860,2026-09-22T09:54:00+00:00,Customer return,2026-09-22T09:54:00+00:00
7000240,5002871,2026-09-18T21:58:00+00:00,Customer return,2026-09-18T21:58:00+00:00
7000241,5002874,2026-09-14T02:36:00+00:00,Customer return,2026-09-14T02:36:00+00:00
7000242,5002893,2026-09-14T01:49:00+00:00,Customer return,2026-09-14T01:49:00+00:00
7000243,5002899,2026-09-21T13:35:00+00:00,Customer return,2026-09-21T13:35:00+00:00
7000244,5002911,2026-09-28T14:14:00+00:00,Customer return,2026-09-28T14:14:00+00:00
7000245,5002955,2026-09-13T16:45:00+00:00,Customer return,2026-09-13T16:45:00+00:00
7000246,5002959,2026-10-07T00:42:00+00:00,Customer return,2026-10-07T00:42:00+00:00
7000247,5002960,2026-09-12T20:21:00+00:00,Customer return,2026-09-12T20:21:00+00:00
7000248,5002982,2026-10-09T17:37:00+00:00,Customer return,2026-10-09T17:37:00+00:00
7000249,5002987,2026-09-19T05:06:00+00:00,Customer return,2026-09-19T05:06:00+00:00
7000250,5002994,2026-10-08T12:20:00+00:00,Customer return,2026-10-08T12:20:00+00:00
7000251,5002997,2026-10-03T15:01:00+00:00,Customer return,2026-10-03T15:01:00+00:00
7000252,5002999,2026-09-28T19:56:00+00:00,Customer return,2026-09-28T19:56:00+00:00
7000253,5003019,2026-09-18T17:44:00+00:00,Customer return,2026-09-18T17:44:00+00:00
7000254,5003032,2026-10-03T09:06:00+00:00,Customer return,2026-10-03T09:06:00+00:00
7000255,5003037,2026-09-24T00:28:00+00:00,Customer return,2026-09-24T00:28:00+00:00
7000256,5003051,2026-09-18T05:30:00+00:00,Customer return,2026-09-18T05:30:00+00:00
7000257,5003059,2026-09-22T02:39:00+00:00,Customer return,2026-09-22T02:39:00+00:00
7000258,5003107,2026-09-20T20:22:00+00:00,Customer return,2026-09-20T20:22:00+00:00
7000259,5003110,2026-09-21T10:09:00+00:00,Customer return,2026-09-21T10:09:00+00:00
7000260,5003116,2026-09-21T02:29:00+00:00,Customer return,2026-09-21T02:29:00+00:00
7000261,5003134,2026-10-14T01:22:00+00:00,Customer return,2026-10-14T01:22:00+00:00
7000262,5003139,2026-10-05T03:19:00+00:00,Customer return,2026-10-05T03:19:00+00:00
7000263,5003167,2026-10-06T06:43:00+00:00,Customer return,2026-10-06T06:43:00+00:00
7000264,5003208,2026-10-07T21:52:00+00:00,Customer return,2026-10-07T21:52:00+00:00
7000265,5003219,2026-09-22T05:10:00+00:00,Customer return,2026-09-22T05:10:00+00:00
7000266,5003232,2026-10-10T21:11:00+00:00,Customer return,2026-10-10T21:11:00+00:00
7000267,5003237,2026-10-16T19:39:00+00:00,Customer return,2026-10-16T19:39:00+00:00
7000268,5003241,2026-10-14T14:15:00+00:00,Customer return,2026-10-14T14:15:00+00:00
7000269,5003260,2026-10-10T12:35:00+00:00,Customer return,2026-10-10T12:35:00+00:00
7000270,5003277,2026-10-10T09:27:00+00:00,Customer return,2026-10-10T09:27:00+00:00
7000271,5003284,2026-09-27T15:24:00+00:00,Customer return,2026-09-27T15:24:00+00:00
7000272,5003316,2026-09-22T15:28:00+00:00,Customer return,2026-09-22T15:28:00+00:00
7000273,5003321,2026-09-28T09:28:00+00:00,Customer return,2026-09-28T09:28:00+00:00
7000274,5003332,2026-10-17T00:41:00+00:00,Customer return,2026-10-17T00:41:00+00:00
7000275,5003334,2026-10-15T17:23:00+00:00,Customer return,2026-10-15T17:23:00+00:00
7000276,5003344,2026-09-28T06:22:00+00:00,Customer return,2026-09-28T06:22:00+00:00
7000277,5003377,2026-09-26T21:49:00+00:00,Customer return,2026-09-26T21:49:00+00:00
7000278,5003381,2026-09-27T09:29:00+00:00,Customer return,2026-09-27T09:29:00+00:00
7000279,5003390,2026-09-29T14:08:00+00:00,Customer return,2026-09-29T14:08:00+00:00
7000280,5003410,2026-09-29T14:30:00+00:00,Customer return,2026-09-29T14:30:00+00:00
7000281,5003417,2026-10-16T12:28:00+00:00,Customer return,2026-10-16T12:28:00+00:00
7000282,5003446,2026-10-05T15:56:00+00:00,Customer return,2026-10-05T15:56:00+00:00
7000283,5003452,2026-10-06T15:19:00+00:00,Customer return,2026-10-06T15:19:00+00:00
7000284,5003479,2026-09-26T10:38:00+00:00,Customer return,2026-09-26T10:38:00+00:00
7000285,5003484,2026-10-17T21:22:00+00:00,Customer return,2026-10-17T21:22:00+00:00
7000286,5003500,2026-10-15T00:34:00+00:00,Customer return,2026-10-15T00:34:00+00:00
7000287,5003535,2026-09-26T13:05:00+00:00,Customer return,2026-09-26T13:05:00+00:00
7000288,5003571,2026-09-25T12:20:00+00:00,Customer return,2026-09-25T12:20:00+00:00
7000289,5003580,2026-09-29T14:19:00+00:00,Customer return,2026-09-29T14:19:00+00:00
7000290,5003582,2026-10-12T11:22:00+00:00,Customer return,2026-10-12T11:22:00+00:00
7000291,5003592,2026-10-10T07:21:00+00:00,Customer return,2026-10-10T07:21:00+00:00
7000292,5003594,2026-10-03T10:42:00+00:00,Customer return,2026-10-03T10:42:00+00:00
7000293,5003604,2026-09-30T01:36:00+00:00,Customer return,2026-09-30T01:36:00+00:00
7000294,5003612,2026-10-15T17:05:00+00:00,Customer return,2026-10-15T17:05:00+00:00
7000295,5003614,2026-10-15T20:36:00+00:00,Customer return,2026-10-15T20:36:00+00:00
7000296,5003622,2026-10-09T10:34:00+00:00,Customer return,2026-10-09T10:34:00+00:00
7000297,5003624,2026-10-13T15:54:00+00:00,Customer return,2026-10-13T15:54:00+00:00
7000298,5003647,2026-09-23T19:02:00+00:00,Customer return,2026-09-23T19:02:00+00:00
7000299,5003651,2026-09-25T03:21:00+00:00,Customer return,2026-09-25T03:21:00+00:00
7000300,5003663,2026-10-09T14:46:00+00:00,Customer return,2026-10-09T14:46:00+00:00
7000301,5003679,2026-10-02T01:54:00+00:00,Customer return,2026-10-02T01:54:00+00:00
7000302,5003702,2026-10-21T15:05:00+00:00,Customer return,2026-10-21T15:05:00+00:00
7000303,5003704,2026-10-03T06:12:00+00:00,Customer return,2026-10-03T06:12:00+00:00
7000304,5003717,2026-09-27T13:37:00+00:00,Customer return,2026-09-27T13:37:00+00:00
7000305,5003721,2026-10-19T09:58:00+00:00,Customer return,2026-10-19T09:58:00+00:00
7000306,5003742,2026-09-27T20:37:00+00:00,Customer return,2026-09-27T20:37:00+00:00
7000307,5003745,2026-10-08T13:09:00+00:00,Customer return,2026-10-08T13:09:00+00:00
7000308,5003753,2026-10-19T19:30:00+00:00,Customer return,2026-10-19T19:30:00+00:00
7000309,5003758,2026-10-09T00:29:00+00:00,Customer return,2026-10-09T00:29:00+00:00
7000310,5003799,2026-10-12T08:59:00+00:00,Customer return,2026-10-12T08:59:00+00:00
7000311,5003800,2026-09-26T11:13:00+00:00,Customer return,2026-09-26T11:13:00+00:00
7000312,5003809,2026-10-12T17:15:00+00:00,Customer return,2026-10-12T17:15:00+00:00
7000313,5003829,2026-10-08T13:35:00+00:00,Customer return,2026-10-08T13:35:00+00:00
7000314,5003832,2026-10-13T00:50:00+00:00,Customer return,2026-10-13T00:50:00+00:00
7000315,5003835,2026-10-12T20:30:00+00:00,Customer return,2026-10-12T20:30:00+00:00
7000316,5003852,2026-10-05T02:07:00+00:00,Customer return,2026-10-05T02:07:00+00:00
7000317,5003856,2026-10-10T12:46:00+00:00,Customer return,2026-10-10T12:46:00+00:00
7000318,5003860,2026-09-26T00:16:00+00:00,Customer return,2026-09-26T00:16:00+00:00
7000319,5003892,2026-10-14T02:09:00+00:00,Customer return,2026-10-14T02:09:00+00:00
7000320,5003902,2026-10-25T00:58:00+00:00,Customer return,2026-10-25T00:58:00+00:00
7000321,5003913,2026-09-30T22:28:00+00:00,Customer return,2026-09-30T22:28:00+00:00
7000322,5003926,2026-10-05T10:56:00+00:00,Customer return,2026-10-05T10:56:00+00:00
7000323,5003931,2026-10-08T02:14:00+00:00,Customer return,2026-10-08T02:14:00+00:00
7000324,5003933,2026-10-25T01:50:00+00:00,Customer return,2026-10-25T01:50:00+00:00
7000325,5003973,2026-10-23T02:55:00+00:00,Customer return,2026-10-23T02:55:00+00:00
7000326,5003975,2026-10-13T06:37:00+00:00,Customer return,2026-10-13T06:37:00+00:00
7000327,5003995,2026-10-30T08:20:00+00:00,Customer return,2026-10-30T08:20:00+00:00
7000328,5003999,2026-10-13T11:23:00+00:00,Customer return,2026-10-13T11:23:00+00:00
7000329,5004004,2026-10-25T21:14:00+00:00,Customer return,2026-10-25T21:14:00+00:00
7000330,5004006,2026-10-20T06:46:00+00:00,Customer return,2026-10-20T06:46:00+00:00
7000331,5004010,2026-10-27T12:52:00+00:00,Customer return,2026-10-27T12:52:00+00:00
7000332,5004013,2026-11-02T01:04:00+00:00,Customer return,2026-11-02T01:04:00+00:00
7000333,5004029,2026-10-18T06:41:00+00:00,Customer return,2026-10-18T06:41:00+00:00
7000334,5004042,2026-10-26T15:16:00+00:00,Customer return,2026-10-26T15:16:00+00:00
7000335,5004046,2026-10-16T13:18:00+00:00,Customer return,2026-10-16T13:18:00+00:00
7000336,5004050,2026-10-19T04:28:00+00:00,Customer return,2026-10-19T04:28:00+00:00
7000337,5004059,2026-10-27T21:47:00+00:00,Customer return,2026-10-27T21:47:00+00:00
7000338,5004060,2026-10-25T21:18:00+00:00,Customer return,2026-10-25T21:18:00+00:00
7000339,5004062,2026-10-28T14:15:00+00:00,Customer return,2026-10-28T14:15:00+00:00
7000340,5004064,2026-10-13T22:36:00+00:00,Customer return,2026-10-13T22:36:00+00:00
7000341,5004081,2026-10-22T11:21:00+00:00,Customer return,2026-10-22T11:21:00+00:00
7000342,5004093,2026-11-02T16:23:00+00:00,Customer return,2026-11-02T16:23:00+00:00
7000343,5004134,2026-11-07T09:45:00+00:00,Customer return,2026-11-07T09:45:00+00:00
7000344,5004144,2026-11-07T23:31:00+00:00,Customer return,2026-11-07T23:31:00+00:00
7000345,5004162,2026-11-06T15:52:00+00:00,Customer return,2026-11-06T15:52:00+00:00
7000346,5004174,2026-11-02T01:26:00+00:00,Customer return,2026-11-02T01:26:00+00:00
7000347,5004175,2026-10-25T00:51:00+00:00,Customer return,2026-10-25T00:51:00+00:00
7000348,5004181,2026-10-27T22:47:00+00:00,Customer return,2026-10-27T22:47:00+00:00
7000349,5004192,2026-10-28T02:12:00+00:00,Customer return,2026-10-28T02:12:00+00:00
7000350,5004194,2026-10-20T18:01:00+00:00,Customer return,2026-10-20T18:01:00+00:00
7000351,5004196,2026-11-04T03:12:00+00:00,Customer return,2026-11-04T03:12:00+00:00
7000352,5004203,2026-10-31T01:17:00+00:00,Customer return,2026-10-31T01:17:00+00:00
7000353,5004223,2026-10-28T13:51:00+00:00,Customer return,2026-10-28T13:51:00+00:00
7000354,5004225,2026-11-06T09:00:00+00:00,Customer return,2026-11-06T09:00:00+00:00
7000355,5004231,2026-10-22T08:55:00+00:00,Customer return,2026-10-22T08:55:00+00:00
7000356,5004234,2026-11-01T21:48:00+00:00,Customer return,2026-11-01T21:48:00+00:00
7000357,5004238,2026-11-13T00:28:00+00:00,Customer return,2026-11-13T00:28:00+00:00
7000358,5004252,2026-11-17T16:43:00+00:00,Customer return,2026-11-17T16:43:00+00:00
7000359,5004264,2026-11-14T05:46:00+00:00,Customer return,2026-11-14T05:46:00+00:00
7000360,5004273,2026-11-06T06:34:00+00:00,Customer return,2026-11-06T06:34:00+00:00
7000361,5004283,2026-11-15T05:36:00+00:00,Customer return,2026-11-15T05:36:00+00:00
7000362,5004293,2026-11-17T05:08:00+00:00,Customer return,2026-11-17T05:08:00+00:00
7000363,5004298,2026-11-04T05:51:00+00:00,Customer return,2026-11-04T05:51:00+00:00
7000364,5004311,2026-11-20T21:46:00+00:00,Customer return,2026-11-20T21:46:00+00:00
7000365,5004326,2026-10-27T14:53:00+00:00,Customer return,2026-10-27T14:53:00+00:00
7000366,5004347,2026-11-07T15:19:00+00:00,Customer return,2026-11-07T15:19:00+00:00
7000367,5004357,2026-11-05T03:19:00+00:00,Customer return,2026-11-05T03:19:00+00:00
7000368,5004367,2026-10-30T01:26:00+00:00,Customer return,2026-10-30T01:26:00+00:00
7000369,5004386,2026-11-08T16:25:00+00:00,Customer return,2026-11-08T16:25:00+00:00
7000370,5004397,2026-11-02T05:00:00+00:00,Customer return,2026-11-02T05:00:00+00:00
7000371,5004409,2026-11-22T14:53:00+00:00,Customer return,2026-11-22T14:53:00+00:00
7000372,5004411,2026-11-06T07:29:00+00:00,Customer return,2026-11-06T07:29:00+00:00
7000373,5004434,2026-11-16T01:23:00+00:00,Customer return,2026-11-16T01:23:00+00:00
7000374,5004445,2026-11-28T20:14:00+00:00,Customer return,2026-11-28T20:14:00+00:00
7000375,5004457,2026-12-01T11:38:00+00:00,Customer return,2026-12-01T11:38:00+00:00
7000376,5004462,2026-11-30T17:01:00+00:00,Customer return,2026-11-30T17:01:00+00:00
7000377,5004468,2026-11-24T10:31:00+00:00,Customer return,2026-11-24T10:31:00+00:00
7000378,5004473,2026-11-16T02:09:00+00:00,Customer return,2026-11-16T02:09:00+00:00
7000379,5004484,2026-11-12T07:05:00+00:00,Customer return,2026-11-12T07:05:00+00:00
7000380,5004486,2026-11-14T17:15:00+00:00,Customer return,2026-11-14T17:15:00+00:00
7000381,5004509,2026-12-04T12:06:00+00:00,Customer return,2026-12-04T12:06:00+00:00
7000382,5004562,2026-11-16T20:34:00+00:00,Customer return,2026-11-16T20:34:00+00:00
7000383,5004574,2026-11-27T13:40:00+00:00,Customer return,2026-11-27T13:40:00+00:00
7000384,5004577,2026-11-21T13:10:00+00:00,Customer return,2026-11-21T13:10:00+00:00
7000385,5004579,2026-11-15T13:22:00+00:00,Customer return,2026-11-15T13:22:00+00:00
7000386,5004582,2026-11-21T15:29:00+00:00,Customer return,2026-11-21T15:29:00+00:00
7000387,5004591,2026-12-03T08:08:00+00:00,Customer return,2026-12-03T08:08:00+00:00
7000388,5004605,2026-11-21T23:43:00+00:00,Customer return,2026-11-21T23:43:00+00:00
7000389,5004615,2026-11-18T22:24:00+00:00,Customer return,2026-11-18T22:24:00+00:00
7000390,5004622,2026-12-07T20:26:00+00:00,Customer return,2026-12-07T20:26:00+00:00
7000391,5004640,2026-11-25T01:53:00+00:00,Customer return,2026-11-25T01:53:00+00:00
7000392,5004657,2026-11-19T13:56:00+00:00,Customer return,2026-11-19T13:56:00+00:00
7000393,5004726,2026-11-18T23:43:00+00:00,Customer return,2026-11-18T23:43:00+00:00
7000394,5004732,2026-11-16T14:19:00+00:00,Customer return,2026-11-16T14:19:00+00:00
7000395,5004745,2026-12-06T04:27:00+00:00,Customer return,2026-12-06T04:27:00+00:00
7000396,5004747,2026-12-11T15:10:00+00:00,Customer return,2026-12-11T15:10:00+00:00
7000397,5004754,2026-12-06T13:34:00+00:00,Customer return,2026-12-06T13:34:00+00:00
7000398,5004755,2026-11-29T12:50:00+00:00,Customer return,2026-11-29T12:50:00+00:00
7000399,5004758,2026-11-27T02:28:00+00:00,Customer return,2026-11-27T02:28:00+00:00
7000400,5004798,2026-12-04T08:58:00+00:00,Customer return,2026-12-04T08:58:00+00:00
7000401,5004808,2026-12-15T07:25:00+00:00,Customer return,2026-12-15T07:25:00+00:00
7000402,5004812,2026-12-08T12:41:00+00:00,Customer return,2026-12-08T12:41:00+00:00
7000403,5004823,2026-12-14T13:03:00+00:00,Customer return,2026-12-14T13:03:00+00:00
7000404,5004841,2026-11-25T20:05:00+00:00,Customer return,2026-11-25T20:05:00+00:00
7000405,5004850,2026-12-18T22:24:00+00:00,Customer return,2026-12-18T22:24:00+00:00
7000406,5004854,2026-12-18T23:56:00+00:00,Customer return,2026-12-18T23:56:00+00:00
7000407,5004859,2026-12-02T17:42:00+00:00,Customer return,2026-12-02T17:42:00+00:00
7000408,5004873,2026-12-14T02:57:00+00:00,Customer return,2026-12-14T02:57:00+00:00
7000409,5004891,2026-12-12T16:42:00+00:00,Customer return,2026-12-12T16:42:00+00:00
7000410,5004897,2026-11-30T14:04:00+00:00,Customer return,2026-11-30T14:04:00+00:00
7000411,5004898,2026-12-07T13:39:00+00:00,Customer return,2026-12-07T13:39:00+00:00
7000412,5004905,2026-12-15T09:48:00+00:00,Customer return,2026-12-15T09:48:00+00:00
7000413,5004920,2026-12-01T05:42:00+00:00,Customer return,2026-12-01T05:42:00+00:00
7000414,5004937,2026-12-19T20:47:00+00:00,Customer return,2026-12-19T20:47:00+00:00
7000415,5004946,2026-12-14T14:24:00+00:00,Customer return,2026-12-14T14:24:00+00:00
7000416,5004973,2026-12-03T19:51:00+00:00,Customer return,2026-12-03T19:51:00+00:00
7000417,5004974,2026-12-21T04:12:00+00:00,Customer return,2026-12-21T04:12:00+00:00
7000418,5004979,2026-12-23T22:29:00+00:00,Customer return,2026-12-23T22:29:00+00:00
7000419,5004981,2026-12-04T03:38:00+00:00,Customer return,2026-12-04T03:38:00+00:00
7000420,5004984,2026-12-22T03:20:00+00:00,Customer return,2026-12-22T03:20:00+00:00
7000421,5005003,2026-12-03T19:00:00+00:00,Customer return,2026-12-03T19:00:00+00:00
7000422,5005008,2026-12-09T04:22:00+00:00,Customer return,2026-12-09T04:22:00+00:00
7000423,5005014,2026-12-27T15:39:00+00:00,Customer return,2026-12-27T15:39:00+00:00
7000424,5005017,2026-12-18T04:25:00+00:00,Customer return,2026-12-18T04:25:00+00:00
7000425,5005041,2026-12-12T04:12:00+00:00,Customer return,2026-12-12T04:12:00+00:00
7000426,5005050,2026-12-05T15:10:00+00:00,Customer return,2026-12-05T15:10:00+00:00
7000427,5005070,2026-12-10T09:26:00+00:00,Customer return,2026-12-10T09:26:00+00:00
7000428,5005084,2026-12-13T14:09:00+00:00,Customer return,2026-12-13T14:09:00+00:00
7000429,5005089,2026-12-23T04:14:00+00:00,Customer return,2026-12-23T04:14:00+00:00
7000430,5005103,2026-12-08T03:32:00+00:00,Customer return,2026-12-08T03:32:00+00:00
7000431,5005116,2026-12-17T02:27:00+00:00,Customer return,2026-12-17T02:27:00+00:00
7000432,5005129,2026-12-17T17:07:00+00:00,Customer return,2026-12-17T17:07:00+00:00
7000433,5005182,2026-12-07T18:32:00+00:00,Customer return,2026-12-07T18:32:00+00:00
7000434,5005215,2026-12-06T18:44:00+00:00,Customer return,2026-12-06T18:44:00+00:00
7000435,5005220,2026-12-12T06:07:00+00:00,Customer return,2026-12-12T06:07:00+00:00
7000436,5005245,2026-12-13T11:36:00+00:00,Customer return,2026-12-13T11:36:00+00:00
7000437,5005248,2026-12-15T14:46:00+00:00,Customer return,2026-12-15T14:46:00+00:00
7000438,5005251,2026-12-13T02:02:00+00:00,Customer return,2026-12-13T02:02:00+00:00
7000439,5005260,2026-12-03T06:04:00+00:00,Customer return,2026-12-03T06:04:00+00:00
7000440,5005277,2026-12-22T01:30:00+00:00,Customer return,2026-12-22T01:30:00+00:00
7000441,5005284,2026-12-17T11:02:00+00:00,Customer return,2026-12-17T11:02:00+00:00
7000442,5005295,2026-12-01T17:28:00+00:00,Customer return,2026-12-01T17:28:00+00:00
7000443,5005302,2026-12-22T04:03:00+00:00,Customer return,2026-12-22T04:03:00+00:00
7000444,5005304,2026-11-30T04:34:00+00:00,Customer return,2026-11-30T04:34:00+00:00
7000445,5005316,2026-12-03T23:49:00+00:00,Customer return,2026-12-03T23:49:00+00:00
7000446,5005324,2026-12-13T13:13:00+00:00,Customer return,2026-12-13T13:13:00+00:00
7000447,5005337,2026-12-26T02:27:00+00:00,Customer return,2026-12-26T02:27:00+00:00
7000448,5005356,2026-12-16T20:25:00+00:00,Customer return,2026-12-16T20:25:00+00:00
7000449,5005380,2026-12-09T08:54:00+00:00,Customer return,2026-12-09T08:54:00+00:00
7000450,5005384,2026-12-25T10:55:00+00:00,Customer return,2026-12-25T10:55:00+00:00
7000451,5005390,2026-12-22T05:24:00+00:00,Customer return,2026-12-22T05:24:00+00:00
7000452,5005422,2026-12-08T13:12:00+00:00,Customer return,2026-12-08T13:12:00+00:00
7000453,5005426,2026-12-15T20:04:00+00:00,Customer return,2026-12-15T20:04:00+00:00
7000454,5005430,2026-12-08T06:26:00+00:00,Customer return,2026-12-08T06:26:00+00:00
7000455,5005431,2026-12-06T01:27:00+00:00,Customer return,2026-12-06T01:27:00+00:00
7000456,5005433,2026-12-29T12:22:00+00:00,Customer return,2026-12-29T12:22:00+00:00
7000457,5005436,2026-12-24T01:42:00+00:00,Customer return,2026-12-24T01:42:00+00:00
7000458,5005447,2026-12-01T15:37:00+00:00,Customer return,2026-12-01T15:37:00+00:00
7000459,5005448,2026-12-16T06:34:00+00:00,Customer return,2026-12-16T06:34:00+00:00
7000460,5005450,2026-12-03T10:50:00+00:00,Customer return,2026-12-03T10:50:00+00:00
7000461,5005452,2026-12-07T08:32:00+00:00,Customer return,2026-12-07T08:32:00+00:00
7000462,5005460,2026-12-11T15:09:00+00:00,Customer return,2026-12-11T15:09:00+00:00
7000463,5005466,2026-12-07T14:28:00+00:00,Customer return,2026-12-07T14:28:00+00:00
7000464,5005501,2026-12-06T09:49:00+00:00,Customer return,2026-12-06T09:49:00+00:00
7000465,5005504,2026-12-29T17:56:00+00:00,Customer return,2026-12-29T17:56:00+00:00
7000466,5005532,2026-12-03T20:36:00+00:00,Customer return,2026-12-03T20:36:00+00:00
7000467,5005541,2026-12-26T07:14:00+00:00,Customer return,2026-12-26T07:14:00+00:00
7000468,5005543,2026-12-26T07:08:00+00:00,Customer return,2026-12-26T07:08:00+00:00
7000469,5005557,2026-12-29T15:53:00+00:00,Customer return,2026-12-29T15:53:00+00:00
7000470,5005577,2026-12-18T20:03:00+00:00,Customer return,2026-12-18T20:03:00+00:00
7000471,5005592,2026-12-17T17:53:00+00:00,Customer return,2026-12-17T17:53:00+00:00
7000472,5005598,2026-12-27T21:14:00+00:00,Customer return,2026-12-27T21:14:00+00:00
7000473,5005610,2027-01-02T08:32:00+00:00,Customer return,2027-01-02T08:32:00+00:00
7000474,5005615,2026-12-18T04:14:00+00:00,Customer return,2026-12-18T04:14:00+00:00
7000475,5005649,2026-12-25T22:49:00+00:00,Customer return,2026-12-25T22:49:00+00:00
7000476,5005651,2026-12-12T04:23:00+00:00,Customer return,2026-12-12T04:23:00+00:00
7000477,5005676,2026-12-19T03:11:00+00:00,Customer return,2026-12-19T03:11:00+00:00
7000478,5005682,2026-12-26T21:23:00+00:00,Customer return,2026-12-26T21:23:00+00:00
7000479,5005697,2026-12-15T08:26:00+00:00,Customer return,2026-12-15T08:26:00+00:00
7000480,5005699,2026-12-15T02:58:00+00:00,Customer return,2026-12-15T02:58:00+00:00
7000481,5005722,2026-12-19T02:31:00+00:00,Customer return,2026-12-19T02:31:00+00:00
7000482,5005723,2026-12-14T17:55:00+00:00,Customer return,2026-12-14T17:55:00+00:00
7000483,5005725,2027-01-06T11:43:00+00:00,Customer return,2027-01-06T11:43:00+00:00
7000484,5005729,2026-12-30T14:16:00+00:00,Customer return,2026-12-30T14:16:00+00:00
7000485,5005731,2026-12-14T06:34:00+00:00,Customer return,2026-12-14T06:34:00+00:00
7000486,5005778,2026-12-25T13:52:00+00:00,Customer return,2026-12-25T13:52:00+00:00
7000487,5005786,2026-12-20T18:07:00+00:00,Customer return,2026-12-20T18:07:00+00:00
7000488,5005806,2027-01-03T16:17:00+00:00,Customer return,2027-01-03T16:17:00+00:00
7000489,5005814,2027-01-13T15:41:00+00:00,Customer return,2027-01-13T15:41:00+00:00
7000490,5005850,2026-12-22T23:15:00+00:00,Customer return,2026-12-22T23:15:00+00:00
7000491,5005864,2026-12-21T03:17:00+00:00,Customer return,2026-12-21T03:17:00+00:00
7000492,5005892,2026-12-26T16:26:00+00:00,Customer return,2026-12-26T16:26:00+00:00
7000493,5005899,2026-12-31T16:40:00+00:00,Customer return,2026-12-31T16:40:00+00:00
7000494,5005900,2027-01-06T11:43:00+00:00,Customer return,2027-01-06T11:43:00+00:00
7000495,5005907,2026-12-22T11:45:00+00:00,Customer return,2026-12-22T11:45:00+00:00
7000496,5005924,2026-12-26T14:12:00+00:00,Customer return,2026-12-26T14:12:00+00:00
7000497,5005941,2026-12-27T03:41:00+00:00,Customer return,2026-12-27T03:41:00+00:00
7000498,5005942,2027-01-11T18:05:00+00:00,Customer return,2027-01-11T18:05:00+00:00
7000499,5005945,2026-12-24T10:39:00+00:00,Customer return,2026-12-24T10:39:00+00:00
7000500,5005948,2027-01-16T12:03:00+00:00,Customer return,2027-01-16T12:03:00+00:00
7000501,5005977,2027-01-22T23:14:00+00:00,Customer return,2027-01-22T23:14:00+00:00
7000502,5005981,2027-01-12T07:43:00+00:00,Customer return,2027-01-12T07:43:00+00:00
7000503,5006000,2027-01-15T21:38:00+00:00,Customer return,2027-01-15T21:38:00+00:00
7000504,5006027,2027-01-09T02:54:00+00:00,Customer return,2027-01-09T02:54:00+00:00
7000505,5006063,2027-01-07T05:03:00+00:00,Customer return,2027-01-07T05:03:00+00:00
7000506,5006072,2027-01-09T05:07:00+00:00,Customer return,2027-01-09T05:07:00+00:00
7000507,5006087,2027-01-14T19:31:00+00:00,Customer return,2027-01-14T19:31:00+00:00
7000508,5006091,2027-01-15T09:03:00+00:00,Customer return,2027-01-15T09:03:00+00:00
